ds,trend,yhat_lower,yhat_upper,trend_lower,trend_upper,additive_terms,additive_terms_lower,additive_terms_upper,weekly,weekly_lower,weekly_upper,yearly,yearly_lower,yearly_upper,multiplicative_terms,multiplicative_terms_lower,multiplicative_terms_upper,yhat,y
2025-04-17,3272.202764457924,3229.213496564953,3521.065928931252,3272.202764457924,3272.202764457924,98.8303610256007,98.8303610256007,98.8303610256007,-7.704551071747029,-7.704551071747029,-7.704551071747029,106.53491209734771,106.53491209734771,106.53491209734771,0.0,0.0,0.0,3371.0331254835246,3308.7000
2025-04-21,3288.2877561762966,3231.058825098747,3539.9528955088167,3288.2877561762966,3288.2877561762966,93.98351063372915,93.98351063372915,93.98351063372915,2.8835850624971053,2.8835850624971053,2.8835850624971053,91.09992557123205,91.09992557123205,91.09992557123205,0.0,0.0,0.0,3382.2712668100257,3406.2000
2025-04-22,3292.3090041058895,3212.2386951463227,3530.6548269293153,3292.3090041058895,3292.3090041058895,83.32878536981991,83.32878536981991,83.32878536981991,2.282026587084646,2.282026587084646,2.282026587084646,81.04675878273525,81.04675878273525,81.04675878273525,0.0,0.0,0.0,3375.6377894757093,3400.8000
2025-04-23,3296.330252035483,3234.3449014612274,3536.6045384185127,3296.330252035483,3296.330252035483,84.88474255238634,84.88474255238634,84.88474255238634,15.833750590686392,15.833750590686392,15.833750590686392,69.05099196169995,69.05099196169995,69.05099196169995,0.0,0.0,0.0,3381.2149945878696,3276.3000
2025-04-24,3300.351499965076,3204.151403076912,3493.2659341262706,3300.351499965076,3300.351499965076,47.745677560115105,47.745677560115105,47.745677560115105,-7.704551071773944,-7.704551071773944,-7.704551071773944,55.450228631889054,55.450228631889054,55.450228631889054,0.0,0.0,0.0,3348.097177525191,3332.0000
2025-04-25,3304.372747894669,3191.014693407171,3486.8700822308965,3304.372747894669,3304.372747894669,35.75846663062087,35.75846663062087,35.75846663062087,-4.847385243125659,-4.847385243125659,-4.847385243125659,40.60585187374653,40.60585187374653,40.60585187374653,0.0,0.0,0.0,3340.1312145252896,3282.3999
2025-04-28,3316.4364916834484,3161.3884835998365,3457.945715681567,3316.4364916834484,3316.4364916834484,-4.7586868995407565,-4.7586868995407565,-4.7586868995407565,2.8835850624240553,2.8835850624240553,2.8835850624240553,-7.642271961964812,-7.642271961964812,-7.642271961964812,0.0,0.0,0.0,3311.6778047839075,3332.5000
2025-04-29,3320.457739613042,3146.0060092060467,3451.686619449296,3320.457739613042,3320.457739613042,-21.460593428030112,-21.460593428030112,-21.460593428030112,2.2820265870649736,2.2820265870649736,2.2820265870649736,-23.742620015095085,-23.742620015095085,-23.742620015095085,0.0,0.0,0.0,3298.997146185012,3318.8000
2025-04-30,3324.478987542635,3156.1923218310144,3447.439040539705,3324.478987542635,3324.478987542635,-23.455317462636135,-23.455317462636135,-23.455317462636135,15.833750590792173,15.833750590792173,15.833750590792173,-39.28906805342831,-39.28906805342831,-39.28906805342831,0.0,0.0,0.0,3301.0236700799987,3305.0000
2025-05-01,3328.5002355943006,3122.9843409566633,3411.3087183258144,3328.5002355943006,3328.5002355943006,-61.69470221117959,-61.69470221117959,-61.69470221117959,-7.704551071800857,-7.704551071800857,-7.704551071800857,-53.99015113937873,-53.99015113937873,-53.99015113937873,0.0,0.0,0.0,3266.805533383121,3210.0000
2025-05-02,3332.521483645966,3119.577587197072,3411.687077038344,3332.521483645966,3332.521483645966,-72.44211688782218,-72.44211688782218,-72.44211688782218,-4.847385243148152,-4.847385243148152,-4.847385243148152,-67.59473164467403,-67.59473164467403,-67.59473164467403,0.0,0.0,0.0,3260.079366758144,3231.8999
2025-05-05,3344.5852278009625,3099.873220732616,3398.2592269108727,3344.5852278009625,3344.5852278009625,-97.13362309523953,-97.13362309523953,-97.13362309523953,2.883585062437538,2.883585062437538,2.883585062437538,-100.01720815767708,-100.01720815767708,-100.01720815767708,0.0,0.0,0.0,3247.4516047057227,3311.3000
2025-05-06,3348.6064758526277,3094.2210157005793,3390.744958791003,3348.6064758526277,3348.6064758526277,-105.3916638451941,-105.3916638451941,-105.3916638451941,2.282026587045298,2.282026587045298,2.282026587045298,-107.6736904322394,-107.6736904322394,-107.6736904322394,0.0,0.0,0.0,3243.2148120074335,3411.3999
2025-05-07,3352.6277239042925,3093.697011105238,3395.2218931228667,3352.6277239042925,3352.6277239042925,-97.87037108323999,-97.87037108323999,-97.87037108323999,15.833750590731826,15.833750590731826,15.833750590731826,-113.70412167397183,-113.70412167397183,-113.70412167397183,0.0,0.0,0.0,3254.7573528210523,3381.3999
2025-05-08,3356.648971955958,3080.926565739107,3375.820764387269,3356.648971955958,3356.648971955958,-125.85519364647516,-125.85519364647516,-125.85519364647516,-7.704551071749198,-7.704551071749198,-7.704551071749198,-118.15064257472595,-118.15064257472595,-118.15064257472595,0.0,0.0,0.0,3230.793778309483,3296.6001
2025-05-09,3360.670220007624,3075.7479671667465,3379.3174026275055,3360.670220007624,3360.670220007624,-125.94628137147652,-125.94628137147652,-125.94628137147652,-4.847385243170643,-4.847385243170643,-4.847385243170643,-121.09889612830587,-121.09889612830587,-121.09889612830587,0.0,0.0,0.0,3234.723938636147,3335.3999
2025-05-12,3372.73396416262,3101.0325415039015,3403.9885274107096,3372.73396416262,3372.73396416262,-119.46769173346163,-119.46769173346163,-119.46769173346163,2.8835850624510204,2.8835850624510204,2.8835850624510204,-122.35127679591265,-122.35127679591265,-122.35127679591265,0.0,0.0,0.0,3253.266272429158,3220.0000
2025-05-13,3376.755212253456,3109.5198179607164,3409.5802927098803,3376.755212253456,3376.755212253456,-118.55698525847345,-118.55698525847345,-118.55698525847345,2.2820265871197396,2.2820265871197396,2.2820265871197396,-120.83901184559319,-120.83901184559319,-120.83901184559319,0.0,0.0,0.0,3258.1982269949826,3240.3000
2025-05-14,3380.776460344292,3116.0901804606833,3428.7864282459377,3380.776460344292,3380.776460344292,-102.87136913237312,-102.87136913237312,-102.87136913237312,15.833750590754544,15.833750590754544,15.833750590754544,-118.70511972312767,-118.70511972312767,-118.70511972312767,0.0,0.0,0.0,3277.9050912119187,3181.3999
2025-05-15,3384.7977084351282,3104.234252049957,3416.0175982963638,3384.7977084351282,3384.7977084351282,-123.87009569192172,-123.87009569192172,-123.87009569192172,-7.7045510717205525,-7.7045510717205525,-7.7045510717205525,-116.16554462020116,-116.16554462020116,-116.16554462020116,0.0,0.0,0.0,3260.9276127432067,3220.7000
2025-05-16,3388.818956525964,3109.180199900689,3417.7509367108337,3388.818956525964,3388.818956525964,-118.28001791694983,-118.28001791694983,-118.28001791694983,-4.847385243176086,-4.847385243176086,-4.847385243176086,-113.43263267377374,-113.43263267377374,-113.43263267377374,0.0,0.0,0.0,3270.538938609014,3182.0000
2025-05-19,3400.8827007984723,3156.7339425137206,3451.451182919896,3400.8827007984723,3400.8827007984723,-103.12082322877613,-103.12082322877613,-103.12082322877613,2.883585062498737,2.883585062498737,2.883585062498737,-106.00440829127487,-106.00440829127487,-106.00440829127487,0.0,0.0,0.0,3297.761877569696,3228.8999
2025-05-20,3404.9039488893086,3152.6215315197533,3446.028614475625,3404.9039488893086,3404.9039488893086,-102.04290132577377,-102.04290132577377,-102.04290132577377,2.282026586996309,2.282026586996309,2.282026586996309,-104.32492791277008,-104.32492791277008,-104.32492791277008,0.0,0.0,0.0,3302.8610475635346,3280.3000
2025-05-21,3408.9251969801453,3177.299241921207,3484.075877809808,3408.9251969801453,3408.9251969801453,-87.41263828943679,-87.41263828943679,-87.41263828943679,15.833750590694198,15.833750590694198,15.833750590694198,-103.246388880131,-103.246388880131,-103.246388880131,0.0,0.0,0.0,3321.5125586907084,3309.3000
2025-05-22,3412.946445070981,3153.648702088549,3453.641579114404,3412.946445070981,3412.946445070981,-110.54839721794676,-110.54839721794676,-110.54839721794676,-7.704551071803026,-7.704551071803026,-7.704551071803026,-102.84384614614373,-102.84384614614373,-102.84384614614373,0.0,0.0,0.0,3302.3980478530343,3292.3000
2025-05-23,3416.968544103611,3152.2512801108846,3457.7106973070486,3416.968544103611,3416.968544103611,-108.00676680682943,-108.00676680682943,-108.00676680682943,-4.847385243181527,-4.847385243181527,-4.847385243181527,-103.15938156364791,-103.15938156364791,-103.15938156364791,0.0,0.0,0.0,3308.9617772967813,3363.6001
2025-05-27,3433.056940234128,3175.7636814197353,3462.8510038578884,3433.056940234128,3433.056940234128,-109.05004855888657,-109.05004855888657,-109.05004855888657,2.282026587070751,2.282026587070751,2.282026587070751,-111.33207514595732,-111.33207514595732,-111.33207514595732,0.0,0.0,0.0,3324.0068916752416,3299.1001
2025-05-28,3437.0790392667577,3193.270518198382,3487.282822679079,3437.0790392667577,3437.0790392667577,-98.95670279477856,-98.95670279477856,-98.95670279477856,15.833750590716912,15.833750590716912,15.833750590716912,-114.79045338549548,-114.79045338549548,-114.79045338549548,0.0,0.0,0.0,3338.122336471979,3293.6001
2025-05-29,3441.1011382993865,3162.6558814166488,3472.379835877567,3441.1011382993865,3441.1011382993865,-126.31745291296608,-126.31745291296608,-126.31745291296608,-7.704551071774382,-7.704551071774382,-7.704551071774382,-118.61290184119169,-118.61290184119169,-118.61290184119169,0.0,0.0,0.0,3314.7836853864205,3317.1001
2025-05-30,3445.1232373320163,3171.2652910030924,3467.500409298964,3445.1232373320163,3445.1232373320163,-127.520677121683,-127.520677121683,-127.520677121683,-4.847385243118569,-4.847385243118569,-4.847385243118569,-122.67329187856441,-122.67329187856441,-122.67329187856441,0.0,0.0,0.0,3317.602560210333,3288.8999
2025-06-02,3457.189534429904,3173.2401782974607,3475.1787387339787,3457.189534429904,3457.189534429904,-132.0869091330263,-132.0869091330263,-132.0869091330263,2.8835850625257,2.8835850625257,2.8835850625257,-134.970494195552,-134.970494195552,-134.970494195552,0.0,0.0,0.0,3325.1026252968777,3370.6001
2025-06-03,3461.2116334625334,3159.092474532522,3474.564090408093,3461.2116334625334,3461.2116334625334,-136.41142098994786,-136.41142098994786,-136.41142098994786,2.2820265869569587,2.2820265869569587,2.2820265869569587,-138.69344757690484,-138.69344757690484,-138.69344757690484,0.0,0.0,0.0,3324.8002124725854,3350.2000
2025-06-04,3465.2337324951627,3197.7989623617304,3487.6916750781365,3465.2337324951627,3465.2337324951627,-126.21668401637626,-126.21668401637626,-126.21668401637626,15.833750590718656,15.833750590718656,15.833750590718656,-142.05043460709493,-142.05043460709493,-142.05043460709493,0.0,0.0,0.0,3339.0170484787864,3373.5000
2025-06-05,3469.255831728322,3171.2683524906374,3452.2947435902124,3469.255831728322,3469.255831728322,-152.6664845887481,-152.6664845887481,-152.6664845887481,-7.704551071801296,-7.704551071801296,-7.704551071801296,-144.9619335169468,-144.9619335169468,-144.9619335169468,0.0,0.0,0.0,3316.589347139574,3350.7000
2025-06-06,3473.277930961481,3167.744449684243,3472.013485942009,3473.277930961481,3473.277930961481,-152.21898172362492,-152.21898172362492,-152.21898172362492,-4.847385243141062,-4.847385243141062,-4.847385243141062,-147.37159648048387,-147.37159648048387,-147.37159648048387,0.0,0.0,0.0,3321.0589492378563,3322.7000
2025-06-09,3485.344228660958,3179.146080074198,3487.499566562211,3485.344228660958,3485.344228660958,-148.53415255774846,-148.53415255774846,-148.53415255774846,2.883585062452651,2.883585062452651,2.883585062452651,-151.4177376202011,-151.4177376202011,-151.4177376202011,0.0,0.0,0.0,3336.8100761032097,3332.1001
2025-06-10,3489.366327894117,3195.415735021309,3485.270133388606,3489.366327894117,3489.366327894117,-149.50204784989043,-149.50204784989043,-149.50204784989043,2.2820265870314027,2.2820265870314027,2.2820265870314027,-151.78407443692183,-151.78407443692183,-151.78407443692183,0.0,0.0,0.0,3339.8642800442267,3320.8999
2025-06-11,3493.388427127276,3210.609117834205,3509.637101445237,3493.388427127276,3493.388427127276,-135.93053318825787,-135.93053318825787,-135.93053318825787,15.833750590741374,15.833750590741374,15.833750590741374,-151.76428377899924,-151.76428377899924,-151.76428377899924,0.0,0.0,0.0,3357.457893939018,3321.3000
2025-06-12,3497.410526360435,3191.704192899265,3477.691014007416,3497.410526360435,3497.410526360435,-159.16133776097206,-159.16133776097206,-159.16133776097206,-7.704551071772654,-7.704551071772654,-7.704551071772654,-151.45678668919942,-151.45678668919942,-151.45678668919942,0.0,0.0,0.0,3338.249188599463,3380.8999
2025-06-13,3501.4326255935935,3208.5765088526186,3496.249630869989,3501.4326255935935,3501.4326255935935,-155.82655936599713,-155.82655936599713,-155.82655936599713,-4.847385243146503,-4.847385243146503,-4.847385243146503,-150.97917412285062,-150.97917412285062,-150.97917412285062,0.0,0.0,0.0,3345.6060662275963,3431.2000
2025-06-16,3513.49892329307,3221.2948427497404,3501.4566442790065,3513.49892329307,3513.49892329307,-147.013517287402,-147.013517287402,-147.013517287402,2.883585062586896,2.883585062586896,2.883585062586896,-149.8971023499889,-149.8971023499889,-149.8971023499889,0.0,0.0,0.0,3366.485406005668,3396.3999
2025-06-17,3517.5210225262294,3217.666153315588,3523.8612925530074,3517.5210225262294,3517.5210225262294,-147.8583045467858,-147.8583045467858,-147.8583045467858,2.282026587105846,2.282026587105846,2.282026587105846,-150.14033113389166,-150.14033113389166,-150.14033113389166,0.0,0.0,0.0,3369.6627179794436,3386.6001
2025-06-18,3521.5431218220683,3236.4497289770707,3537.7283295609645,3521.5431218220683,3521.5431218220683,-135.09123439699022,-135.09123439699022,-135.09123439699022,15.833750590681026,15.833750590681026,15.833750590681026,-150.92498498767122,-150.92498498767122,-150.92498498767122,0.0,0.0,0.0,3386.451887425078,3389.8000
2025-06-20,3529.587320413745,3231.7798323881707,3519.759462374796,3529.587320413745,3529.587320413745,-159.4685716128632,-159.4685716128632,-159.4685716128632,-4.847385243117644,-4.847385243117644,-4.847385243117644,-154.62118636974557,-154.62118636974557,-154.62118636974557,0.0,0.0,0.0,3370.118748800882,3368.1001
2025-06-23,3541.653618301261,3216.7049703411394,3523.1828209211585,3541.653618301261,3541.653618301261,-163.95829999701365,-163.95829999701365,-163.95829999701365,2.88358506251385,2.88358506251385,2.88358506251385,-166.8418850595275,-166.8418850595275,-166.8418850595275,0.0,0.0,0.0,3377.6953183042474,3377.7000
2025-06-24,3545.6757175970997,3224.0474925727876,3526.8332320213153,3545.6757175970997,3545.6757175970997,-170.59388650596102,-170.59388650596102,-170.59388650596102,2.282026587086171,2.282026587086171,2.282026587086171,-172.87591309304716,-172.87591309304716,-172.87591309304716,0.0,0.0,0.0,3375.0818310911386,3317.3999
2025-06-25,3549.6978168929386,3236.9090082279117,3541.334363693676,3549.6978168929386,3549.6978168929386,-164.04374926081678,-164.04374926081678,-164.04374926081678,15.833750590786808,15.833750590786808,15.833750590786808,-179.87749985160357,-179.87749985160357,-179.87749985160357,0.0,0.0,0.0,3385.654067632122,3327.1001
2025-06-26,3553.7199161887775,3214.235146283733,3511.2049102708343,3553.7199161887775,3553.7199161887775,-195.49595425810944,-195.49595425810944,-195.49595425810944,-7.704551071747905,-7.704551071747905,-7.704551071747905,-187.79140318636152,-187.79140318636152,-187.79140318636152,0.0,0.0,0.0,3358.223961930668,3333.5000
2025-06-27,3557.742015484616,3212.9286050152455,3506.348926504779,3557.742015484616,3557.742015484616,-201.3787321794244,-201.3787321794244,-201.3787321794244,-4.84738524310604,-4.84738524310604,-4.84738524310604,-196.53134693631833,-196.53134693631833,-196.53134693631833,0.0,0.0,0.0,3356.3632833051915,3273.7000
2025-06-30,3569.808313372132,3192.281074444679,3487.908939116681,3569.808313372132,3569.808313372132,-223.54302565287253,-223.54302565287253,-223.54302565287253,2.8835850625273305,2.8835850625273305,2.8835850625273305,-226.42661071539985,-226.42661071539985,-226.42661071539985,0.0,0.0,0.0,3346.2652877192595,3294.3999
2025-07-01,3573.830412772404,3197.571752036432,3487.0530839261555,3573.830412772404,3573.830412772404,-234.79326655584882,-234.79326655584882,-234.79326655584882,2.2820265871509733,2.2820265871509733,2.2820265871509733,-237.07529314299978,-237.07529314299978,-237.07529314299978,0.0,0.0,0.0,3339.0371462165554,3336.7000
2025-07-02,3577.8525121726766,3198.3302824590064,3499.625222640786,3577.8525121726766,3577.8525121726766,-231.92013747712647,-231.92013747712647,-231.92013747712647,15.833750590726462,15.833750590726462,15.833750590726462,-247.75388806785293,-247.75388806785293,-247.75388806785293,0.0,0.0,0.0,3345.93237469555,3348.0000
2025-07-03,3581.8746115729487,3173.1897567474434,3463.6492980212947,3581.8746115729487,3581.8746115729487,-265.96666363459497,-265.96666363459497,-265.96666363459497,-7.70455107183038,-7.70455107183038,-7.70455107183038,-258.2621125627646,-258.2621125627646,-258.2621125627646,0.0,0.0,0.0,3315.9079479383536,3331.6001
2025-07-04,3585.896710973221,3163.650850368662,3455.4757531267055,3585.896710973221,3585.896710973221,-273.24677338144926,-273.24677338144926,-273.24677338144926,-4.847385243128531,-4.847385243128531,-4.847385243128531,-268.3993881383207,-268.3993881383207,-268.3993881383207,0.0,0.0,0.0,3312.649937591772,3332.5000
2025-07-07,3597.9630091740382,3156.110758863063,3463.028999853546,3597.9630091740382,3597.9630091740382,-291.82334875895697,-291.82334875895697,-291.82334875895697,2.8835850625408104,2.8835850625408104,2.8835850625408104,-294.7069338214978,-294.7069338214978,-294.7069338214978,0.0,0.0,0.0,3306.1396604150814,3332.2000
2025-07-08,3601.98510857431,3150.324303736212,3448.2800083873412,3601.98510857431,3601.98510857431,-299.2843804672972,-299.2843804672972,-299.2843804672972,2.2820265870371816,2.2820265870371816,2.2820265870371816,-301.5664070543343,-301.5664070543343,-301.5664070543343,0.0,0.0,0.0,3302.7007281070128,3307.0000
2025-07-09,3606.0072079745823,3158.759391790608,3456.1510261816793,3606.0072079745823,3606.0072079745823,-291.4278374989184,-291.4278374989184,-291.4278374989184,15.833750590666114,15.833750590666114,15.833750590666114,-307.2615880895845,-307.2615880895845,-307.2615880895845,0.0,0.0,0.0,3314.579370475664,3311.6001
2025-07-10,3610.029307374855,3157.2241763451316,3427.479456641145,3610.029307374855,3610.029307374855,-319.4177815315478,-319.4177815315478,-319.4177815315478,-7.704551071801736,-7.704551071801736,-7.704551071801736,-311.71323045974606,-311.71323045974606,-311.71323045974606,0.0,0.0,0.0,3290.611525843307,3317.3999
2025-07-11,3614.0514077687576,3141.0720645880506,3450.120711751332,3614.0514077687576,3614.0514077687576,-319.72520329198977,-319.72520329198977,-319.72520329198977,-4.847385243133974,-4.847385243133974,-4.847385243133974,-314.8778180488558,-314.8778180488558,-314.8778180488558,0.0,0.0,0.0,3294.326204476768,3356.0000
2025-07-14,3626.1177089504654,3155.99460696263,3457.7049612296855,3626.1177089504654,3626.1177089504654,-313.90159840272514,-313.90159840272514,-313.90159840272514,2.8835850625542916,2.8835850625542916,2.8835850625542916,-316.78518346527943,-316.78518346527943,-316.78518346527943,0.0,0.0,0.0,3312.2161105477403,3351.5000
2025-07-15,3630.1398093443677,3160.2489566847817,3457.140475473396,3630.1398093443677,3630.1398093443677,-312.84672203552725,-312.84672203552725,-312.84672203552725,2.2820265871116265,2.2820265871116265,2.2820265871116265,-315.12874862263885,-315.12874862263885,-315.12874862263885,0.0,0.0,0.0,3317.2930873088403,3329.8000
2025-07-16,3634.1619097382704,3194.786116250513,3491.9070403026158,3634.1619097382704,3634.1619097382704,-296.7013070043238,-296.7013070043238,-296.7013070043238,15.833750590688828,15.833750590688828,15.833750590688828,-312.53505759501263,-312.53505759501263,-312.53505759501263,0.0,0.0,0.0,3337.460602733947,3352.5000
2025-07-17,3638.184010132173,3172.7523419239346,3472.39919060471,3638.184010132173,3638.184010132173,-316.88206436642383,-316.88206436642383,-316.88206436642383,-7.704551071750076,-7.704551071750076,-7.704551071750076,-309.1775132946738,-309.1775132946738,-309.1775132946738,0.0,0.0,0.0,3321.301945765749,3340.1001
2025-07-18,3642.2061105260764,3183.6033690564736,3484.63971154294,3642.2061105260764,3642.2061105260764,-310.10282733724847,-310.10282733724847,-310.10282733724847,-4.847385243139417,-4.847385243139417,-4.847385243139417,-305.25544209410907,-305.25544209410907,-305.25544209410907,0.0,0.0,0.0,3332.103283188828,3353.0000
2025-07-21,3654.272411707784,3221.5204270552335,3526.887410540279,3654.272411707784,3654.272411707784,-289.4782836601407,-289.4782836601407,-289.4782836601407,2.8835850624812447,2.8835850624812447,2.8835850624812447,-292.3618687226219,-292.3618687226219,-292.3618687226219,0.0,0.0,0.0,3364.7941280476434,3401.8999
2025-07-22,3658.294512101686,3230.6977332034303,3531.6794553982895,3658.294512101686,3658.294512101686,-286.20185164240996,-286.20185164240996,-286.20185164240996,2.282026587091951,2.282026587091951,2.282026587091951,-288.4838782295019,-288.4838782295019,-288.4838782295019,0.0,0.0,0.0,3372.092660459276,3439.2000
2025-07-23,3662.316612460944,3243.0972354552136,3536.1311530005128,3662.316612460944,3662.316612460944,-269.37618173645086,-269.37618173645086,-269.37618173645086,15.833750590607508,15.833750590607508,15.833750590607508,-285.20993232705837,-285.20993232705837,-285.20993232705837,0.0,0.0,0.0,3392.940430724493,3394.1001
2025-07-24,3666.3387128202025,3225.8388416426983,3520.1734855390105,3666.3387128202025,3666.3387128202025,-290.463622105454,-290.463622105454,-290.463622105454,-7.704551071721431,-7.704551071721431,-7.704551071721431,-282.7590710337326,-282.7590710337326,-282.7590710337326,0.0,0.0,0.0,3375.8750907147487,3371.0000
2025-07-25,3670.3608131794604,3244.4865017712,3527.161821709706,3670.3608131794604,3670.3608131794604,-286.17632298376515,-286.17632298376515,-286.17632298376515,-4.847385243144863,-4.847385243144863,-4.847385243144863,-281.3289377406203,-281.3289377406203,-281.3289377406203,0.0,0.0,0.0,3384.184490195695,3334.0000
2025-07-28,3682.427114257234,3254.006679453344,3549.9102704769693,3682.427114257234,3682.427114257234,-281.8062975444543,-281.8062975444543,-281.8062975444543,2.883585062528962,2.883585062528962,2.883585062528962,-284.68988260698325,-284.68988260698325,-284.68988260698325,0.0,0.0,0.0,3400.6208167127797,3309.1001
2025-07-29,3686.4492146164916,3245.6317009008003,3542.3494599037194,3686.4492146164916,3686.4492146164916,-286.4025942468455,-286.4025942468455,-286.4025942468455,2.282026587072277,2.282026587072277,2.282026587072277,-288.6846208339178,-288.6846208339178,-288.6846208339178,0.0,0.0,0.0,3400.046620369646,3323.3999
2025-07-30,3690.47131497575,3259.335725684422,3546.5856229285646,3690.47131497575,3690.47131497575,-278.33946393498957,-278.33946393498957,-278.33946393498957,15.833750590796356,15.833750590796356,15.833750590796356,-294.1732145257859,-294.1732145257859,-294.1732145257859,0.0,0.0,0.0,3412.1318510407605,3295.8000
2025-07-31,3694.4934153350077,3237.1074485195572,3541.9223907291034,3694.4934153350077,3694.4934153350077,-308.826588492524,-308.826588492524,-308.826588492524,-7.704551071803904,-7.704551071803904,-7.704551071803904,-301.1220374207201,-301.1220374207201,-301.1220374207201,0.0,0.0,0.0,3385.6668268424837,3293.2000
2025-08-01,3698.5155156942656,3236.9587267660027,3536.2927933711753,3698.5155156942656,3698.5155156942656,-314.2992218607163,-314.2992218607163,-314.2992218607163,-4.847385243167354,-4.847385243167354,-4.847385243167354,-309.4518366175489,-309.4518366175489,-309.4518366175489,0.0,0.0,0.0,3384.216293833549,3347.7000
2025-08-04,3710.5818170880852,3218.139407509901,3516.1994412390477,3710.5818170880852,3710.5818170880852,-338.4043045129115,-338.4043045129115,-338.4043045129115,2.8835850624559125,2.8835850624559125,2.8835850624559125,-341.2878895753674,-341.2878895753674,-341.2878895753674,0.0,0.0,0.0,3372.1775125751738,3374.3999
2025-08-05,3714.603917552691,3211.6140737353057,3506.878855292121,3714.603917552691,3714.603917552691,-351.2291360808786,-351.2291360808786,-351.2291360808786,2.2820265870526018,2.2820265870526018,2.2820265870526018,-353.5111626679312,-353.5111626679312,-353.5111626679312,0.0,0.0,0.0,3363.3747814718126,3381.8999
2025-08-06,3718.6260180172976,3216.82602698678,3517.0733349542024,3718.6260180172976,3718.6260180172976,-350.2927096498756,-350.2927096498756,-350.2927096498756,15.833750590736006,15.833750590736006,15.833750590736006,-366.12646024061166,-366.12646024061166,-366.12646024061166,0.0,0.0,0.0,3368.333308367422,3380.0000
2025-08-07,3722.6481184819045,3201.420912749984,3491.723457715374,3722.6481184819045,3722.6481184819045,-386.556507324458,-386.556507324458,-386.556507324458,-7.70455107177526,-7.70455107177526,-7.70455107177526,-378.85195625268267,-378.85195625268267,-378.85195625268267,0.0,0.0,0.0,3336.0916111574466,3400.3000
2025-08-08,3726.6702189465104,3184.133872886501,3473.7272636772336,3726.6702189465104,3726.6702189465104,-396.2409703493318,-396.2409703493318,-396.2409703493318,-4.847385243121443,-4.847385243121443,-4.847385243121443,-391.3935851062103,-391.3935851062103,-391.3935851062103,0.0,0.0,0.0,3330.4292485971787,3439.1001
2025-08-11,3738.73652034033,3162.765452478592,3462.258433891128,3738.73652034033,3738.73652034033,-422.07538461146095,-422.07538461146095,-422.07538461146095,2.8835850625559245,2.8835850625559245,2.8835850625559245,-424.9589696740168,-424.9589696740168,-424.9589696740168,0.0,0.0,0.0,3316.6611357288693,3353.1001
2025-08-12,3742.7586208049365,3165.937904444646,3452.516958146601,3742.7586208049365,3742.7586208049365,-431.578227741006,-431.578227741006,-431.578227741006,2.2820265871270435,2.2820265871270435,2.2820265871270435,-433.86025432813307,-433.86025432813307,-433.86025432813307,0.0,0.0,0.0,3311.1803930639308,3348.8999
2025-08-13,3746.780721269543,3176.692948673057,3462.6693982369866,3746.780721269543,3746.780721269543,-425.3701544056896,-425.3701544056896,-425.3701544056896,15.833750590737754,15.833750590737754,15.833750590737754,-441.2039049964274,-441.2039049964274,-441.2039049964274,0.0,0.0,0.0,3321.410566863853,3358.7000
2025-08-14,3750.8028217656674,3140.041669705204,3450.556778993762,3750.8028217656674,3750.8028217656674,-454.49271138220246,-454.49271138220246,-454.49271138220246,-7.704551071746616,-7.704551071746616,-7.704551071746616,-446.7881603104559,-446.7881603104559,-446.7881603104559,0.0,0.0,0.0,3296.310110383465,3335.2000
2025-08-15,3754.824922261792,3149.4708772116355,3456.163739403704,3754.824922261792,3754.824922261792,-455.2982067413584,-455.2982067413584,-455.2982067413584,-4.847385243143938,-4.847385243143938,-4.847385243143938,-450.4508214982145,-450.4508214982145,-450.4508214982145,0.0,0.0,0.0,3299.5267155204338,3336.0000
2025-08-18,3766.8912237501645,3174.929530356218,3475.3971119955118,3766.8912237501645,3766.8912237501645,-446.086547342753,-446.086547342753,-446.086547342753,2.8835850624828754,2.8835850624828754,2.8835850624828754,-448.97013240523586,-448.97013240523586,-448.97013240523586,0.0,0.0,0.0,3320.8046764074115,3331.7000
2025-08-19,3770.913324246289,3177.1262905926733,3489.66338068145,3770.913324246289,3770.913324246289,-441.970841816858,-441.970841816858,-441.970841816858,2.282026587097731,2.282026587097731,2.282026587097731,-444.2528684039557,-444.2528684039557,-444.2528684039557,0.0,0.0,0.0,3328.942482429431,3313.3999
2025-08-20,3774.935424742413,3206.965353070258,3507.28583581754,3774.935424742413,3774.935424742413,-421.68160468740103,-421.68160468740103,-421.68160468740103,15.833750590677404,15.833750590677404,15.833750590677404,-437.5153552780785,-437.5153552780785,-437.5153552780785,0.0,0.0,0.0,3353.253820055012,3343.3999
2025-08-21,3778.957525238537,3194.934061454286,3482.0838521028513,3778.957525238537,3778.957525238537,-436.58989931983507,-436.58989931983507,-436.58989931983507,-7.70455107182909,-7.70455107182909,-7.70455107182909,-428.885348248006,-428.885348248006,-428.885348248006,0.0,0.0,0.0,3342.367625918702,3336.8999
2025-08-22,3782.9796257346616,3214.672074344327,3505.0693068709506,3782.9796257346616,3782.9796257346616,-423.38233493793916,-423.38233493793916,-423.38233493793916,-4.847385243132329,-4.847385243132329,-4.847385243132329,-418.53494969480687,-418.53494969480687,-418.53494969480687,0.0,0.0,0.0,3359.5972907967225,3374.3999
2025-08-25,3795.0459272230346,3262.949624559351,3574.3184198406066,3795.0459272230346,3795.0459272230346,-376.5575315386022,-376.5575315386022,-376.5575315386022,2.8835850624098276,2.8835850624098276,2.8835850624098276,-379.44111660101197,-379.44111660101197,-379.44111660101197,0.0,0.0,0.0,3418.4883956844324,3373.8000
2025-08-26,3799.068027778568,3293.6225974358804,3592.169487395007,3799.068027778568,3799.068027778568,-362.347891197493,-362.347891197493,-362.347891197493,2.282026587078055,2.282026587078055,2.282026587078055,-364.62991778457115,-364.62991778457115,-364.62991778457115,0.0,0.0,0.0,3436.720136581075,3388.6001
2025-08-27,3803.0901283341013,3312.2641165021178,3620.273291979749,3803.0901283341013,3803.0901283341013,-333.5896915334877,-333.5896915334877,-333.5896915334877,15.83375059070012,15.83375059070012,15.83375059070012,-349.42344212418783,-349.42344212418783,-349.42344212418783,0.0,0.0,0.0,3469.5004368006134,3404.6001
2025-08-28,3807.112228889635,3326.3751803442315,3633.2796000206795,3807.112228889635,3807.112228889635,-341.83230544749426,-341.83230544749426,-341.83230544749426,-7.704551071800445,-7.704551071800445,-7.704551071800445,-334.12775437569377,-334.12775437569377,-334.12775437569377,0.0,0.0,0.0,3465.279923442141,3431.8000
2025-08-29,3811.1343294451685,3341.7317999057263,3627.0912534885074,3811.1343294451685,3811.1343294451685,-323.8905378744212,-323.8905378744212,-323.8905378744212,-4.847385243154825,-4.847385243154825,-4.847385243154825,-319.04315263126637,-319.04315263126637,-319.04315263126637,0.0,0.0,0.0,3487.2437915707474,3473.7000
2025-09-02,3827.2227316673025,3419.7348051966073,3717.6849348219434,3827.2227316673025,3827.2227316673025,-263.8795353707996,-263.8795353707996,-263.8795353707996,2.282026586964263,2.282026586964263,2.282026586964263,-266.1615619577638,-266.1615619577638,-266.1615619577638,0.0,0.0,0.0,3563.343196296503,3549.3999
2025-09-03,3831.244832222836,3455.2571497921817,3725.6262293180102,3831.244832222836,3831.244832222836,-240.04091526115153,-240.04091526115153,-240.04091526115153,15.83375059072284,15.83375059072284,15.83375059072284,-255.87466585187437,-255.87466585187437,-255.87466585187437,0.0,0.0,0.0,3591.2039169616846,3593.2000
2025-09-04,3835.2669327783688,3428.70900143743,3734.503342817116,3835.2669327783688,3835.2669327783688,-254.75312437669538,-254.75312437669538,-254.75312437669538,-7.704551071748784,-7.704551071748784,-7.704551071748784,-247.04857330494661,-247.04857330494661,-247.04857330494661,0.0,0.0,0.0,3580.5138084016735,3565.8000
2025-09-05,3839.2890333339024,3460.522045408371,3736.2255787066915,3839.2890333339024,3839.2890333339024,-244.5922508051483,-244.5922508051483,-244.5922508051483,-4.8473852431773174,-4.8473852431773174,-4.8473852431773174,-239.74486556197095,-239.74486556197095,-239.74486556197095,0.0,0.0,0.0,3594.696782528754,3613.2000
2025-09-08,3851.3553349003655,3487.4236824753284,3763.2101951632135,3851.3553349003655,3851.3553349003655,-223.94182009427223,-223.94182009427223,-223.94182009427223,2.8835850624367896,2.8835850624367896,2.8835850624367896,-226.82540515670905,-226.82540515670905,-226.82540515670905,0.0,0.0,0.0,3627.413514806093,3638.1001
2025-09-09,3855.3774354225197,3488.7328966512287,3776.7878905572184,3855.3774354225197,3855.3774354225197,-222.93945296075822,-222.93945296075822,-222.93945296075822,2.2820265870290664,2.2820265870290664,2.2820265870290664,-225.22147954778728,-225.22147954778728,-225.22147954778728,0.0,0.0,0.0,3632.4379824617617,3643.3000
2025-09-10,3859.399535944674,3499.005186074252,3794.089681270625,3859.399535944674,3859.399535944674,-208.87368764257087,-208.87368764257087,-208.87368764257087,15.833750590745554,15.833750590745554,15.833750590745554,-224.7074382333164,-224.7074382333164,-224.7074382333164,0.0,0.0,0.0,3650.525848302103,3643.6001
2025-09-11,3863.4216364668277,3478.7584345125606,3792.7752762807786,3863.4216364668277,3863.4216364668277,-232.77195735833817,-232.77195735833817,-232.77195735833817,-7.704551071720141,-7.704551071720141,-7.704551071720141,-225.06740628661802,-225.06740628661802,-225.06740628661802,0.0,0.0,0.0,3630.6496791084896,3636.8999
2025-09-12,3867.443736988982,3486.2708584009456,3784.774090191849,3867.443736988982,3867.443736988982,-230.90198152253706,-230.90198152253706,-230.90198152253706,-4.847385243114355,-4.847385243114355,-4.847385243114355,-226.05459627942273,-226.05459627942273,-226.05459627942273,0.0,0.0,0.0,3636.541755466445,3649.3999
2025-09-15,3879.5100385554447,3507.40090517889,3801.486276378602,3879.5100385554447,3879.5100385554447,-227.12236674361296,-227.12236674361296,-227.12236674361296,2.8835850624845074,2.8835850624845074,2.8835850624845074,-230.00595180609747,-230.00595180609747,-230.00595180609747,0.0,0.0,0.0,3652.3876718118318,3682.2000
2025-09-16,3883.532139077599,3519.2663450933146,3809.6548132250537,3883.532139077599,3883.532139077599,-228.40249827977144,-228.40249827977144,-228.40249827977144,2.282026587009391,2.282026587009391,2.282026587009391,-230.68452486678083,-230.68452486678083,-230.68452486678083,0.0,0.0,0.0,3655.1296407978275,3688.8999
2025-09-17,3887.554239599753,3529.2943982436664,3832.9162719834035,3887.554239599753,3887.554239599753,-214.73403573763156,-214.73403573763156,-214.73403573763156,15.83375059068521,15.83375059068521,15.83375059068521,-230.56778632831677,-230.56778632831677,-230.56778632831677,0.0,0.0,0.0,3672.8202038621216,3681.8000
2025-09-18,3891.576340121907,3504.828310007053,3805.580307598114,3891.576340121907,3891.576340121907,-237.097532489798,-237.097532489798,-237.097532489798,-7.704551071747054,-7.704551071747054,-7.704551071747054,-229.39298141805094,-229.39298141805094,-229.39298141805094,0.0,0.0,0.0,3654.478807632109,3643.7000
2025-09-19,3895.5984406320254,3519.2203477191156,3804.785108115845,3895.5984406320254,3895.5984406320254,-231.77126352283761,-231.77126352283761,-231.77126352283761,-4.84738524313685,-4.84738524313685,-4.84738524313685,-226.92387827970077,-226.92387827970077,-226.92387827970077,0.0,0.0,0.0,3663.8271771091877,3671.5000
2025-09-22,3907.66474216238,3547.363002158815,3844.045000792687,3907.66474216238,3907.66474216238,-207.04650278736594,-207.04650278736594,-207.04650278736594,2.8835850624114596,2.8835850624114596,2.8835850624114596,-209.93008784977738,-209.93008784977738,-209.93008784977738,0.0,0.0,0.0,3700.618239375014,3740.7000
2025-09-23,3911.6868426724986,3562.450051066968,3859.759730829799,3911.6868426724986,3911.6868426724986,-198.39991478637228,-198.39991478637228,-198.39991478637228,2.282026587083834,2.282026587083834,2.282026587083834,-200.6819413734561,-200.6819413734561,-200.6819413734561,0.0,0.0,0.0,3713.2869278861263,3780.6001
2025-09-24,3915.7089431826166,3594.310313949108,3893.3726193949446,3915.7089431826166,3915.7089431826166,-173.7370866427044,-173.7370866427044,-173.7370866427044,15.833750590790988,15.833750590790988,15.833750590790988,-189.57083723349538,-189.57083723349538,-189.57083723349538,0.0,0.0,0.0,3741.971856539912,3732.1001
2025-09-25,3919.7310436927355,3590.0377912366052,3877.778309665418,3919.7310436927355,3919.7310436927355,-184.33655643059979,-184.33655643059979,-184.33655643059979,-7.7045510717739685,-7.7045510717739685,-7.7045510717739685,-176.6320053588258,-176.6320053588258,-176.6320053588258,0.0,0.0,0.0,3735.394487262136,3736.8999
2025-09-26,3923.753144202854,3607.047144246119,3918.1661577890613,3923.753144202854,3923.753144202854,-166.80015313245897,-166.80015313245897,-166.80015313245897,-4.847385243125239,-4.847385243125239,-4.847385243125239,-161.95276788933373,-161.95276788933373,-161.95276788933373,0.0,0.0,0.0,3756.952991070395,3775.3000
2025-09-29,3935.819445733209,3687.7374329391755,3970.6429700061917,3935.819445733209,3935.819445733209,-106.19536063899301,-106.19536063899301,-106.19536063899301,2.8835850625114716,2.8835850625114716,2.8835850625114716,-109.07894570150448,-109.07894570150448,-109.07894570150448,0.0,0.0,0.0,3829.624085094216,3820.8999
2025-09-30,3939.8415462433272,3703.5039992723464,4013.5084861944288,3939.8415462433272,3939.8415462433272,-86.97818905817381,-86.97818905817381,-86.97818905817381,2.2820265871582777,2.2820265871582777,2.2820265871582777,-89.2602156453321,-89.2602156453321,-89.2602156453321,0.0,0.0,0.0,3852.8633571851533,3840.8000
2025-10-01,3943.863646734575,3751.811635215916,4048.7941213362965,3943.863646734575,3943.863646734575,-52.974410392806966,-52.974410392806966,-52.974410392806966,15.83375059070967,15.83375059070967,15.83375059070967,-68.80816098351664,-68.80816098351664,-68.80816098351664,0.0,0.0,0.0,3890.889236341768,3867.5000
2025-10-02,3947.8857472258233,3744.8634011036393,4045.0271834610608,3947.8857472258233,3947.8857472258233,-55.74384640550587,-55.74384640550587,-55.74384640550587,-7.704551071800884,-7.704551071800884,-7.704551071800884,-48.039295333704985,-48.039295333704985,-48.039295333704985,0.0,0.0,0.0,3892.1419008203175,3839.7000
2025-10-03,3951.907847717071,3775.5544835373744,4063.8821286530133,3951.907847717071,3951.907847717071,-32.13195629412828,-32.13195629412828,-32.13195629412828,-4.847385243147735,-4.847385243147735,-4.847385243147735,-27.284571050980553,-27.284571050980553,-27.284571050980553,0.0,0.0,0.0,3919.7758914229425,3880.8000
2025-10-06,3963.9741491908158,3853.996305382384,4148.163461661589,3963.9741491908158,3963.9741491908158,34.43127149550629,34.43127149550629,34.43127149550629,2.883585062559185,2.883585062559185,2.883585062559185,31.5476864329471,31.5476864329471,31.5476864329471,0.0,0.0,0.0,3998.405420686322,3948.5000
2025-10-07,3967.9962496820635,3869.651409593497,4159.523433669995,3967.9962496820635,3967.9962496820635,51.22792411028279,51.22792411028279,51.22792411028279,2.2820265870444856,2.2820265870444856,2.2820265870444856,48.9458975232383,48.9458975232383,48.9458975232383,0.0,0.0,0.0,4019.2241737923464,3976.6001
2025-10-08,3972.018350173312,3913.8866926123565,4200.5509868949475,3972.018350173312,3972.018350173312,80.58923836281635,80.58923836281635,80.58923836281635,15.833750590732384,15.833750590732384,15.833750590732384,64.75548777208397,64.75548777208397,64.75548777208397,0.0,0.0,0.0,4052.6075885361283,4043.3000
2025-10-09,3976.04045066456,3895.709741995915,4190.017358609217,3976.04045066456,3976.04045066456,71.02901260643183,71.02901260643183,71.02901260643183,-7.704551071749222,-7.704551071749222,-7.704551071749222,78.73356367818107,78.73356367818107,78.73356367818107,0.0,0.0,0.0,4047.069463270992,3946.3000
2025-10-10,3980.062551155808,3906.0425333856024,4209.68347972342,3980.062551155808,3980.062551155808,85.82950123233694,85.82950123233694,85.82950123233694,-4.847385243153178,-4.847385243153178,-4.847385243153178,90.67688647549011,90.67688647549011,90.67688647549011,0.0,0.0,0.0,4065.8920523881447,3975.8999
2025-10-13,3992.1288526546696,3955.4033987007138,4251.5370561682885,3992.1288526546696,3992.1288526546696,115.8352976254808,115.8352976254808,115.8352976254808,2.883585062572669,2.883585062572669,2.883585062572669,112.95171256290813,112.95171256290813,112.95171256290813,0.0,0.0,0.0,4107.9641502801505,4108.6001
2025-10-14,3996.1509531542897,3977.4058090151843,4257.4747102932115,3996.1509531542897,3996.1509531542897,117.9383716867686,117.9383716867686,117.9383716867686,2.282026587118928,2.282026587118928,2.282026587118928,115.65634509964968,115.65634509964968,115.65634509964968,0.0,0.0,0.0,4114.089324841058,4138.7002
2025-10-15,4000.1730536539103,3985.2494411554944,4284.993623098129,4000.1730536539103,4000.1730536539103,131.85994961404995,131.85994961404995,131.85994961404995,15.833750590672038,15.833750590672038,15.833750590672038,116.02619902337791,116.02619902337791,116.02619902337791,0.0,0.0,0.0,4132.03300326796,4176.8999
2025-10-16,4004.195154153531,3963.365302956837,4259.201895503607,4004.195154153531,4004.195154153531,106.44566438711563,106.44566438711563,106.44566438711563,-7.704551071776139,-7.704551071776139,-7.704551071776139,114.15021545889176,114.15021545889176,114.15021545889176,0.0,0.0,0.0,4110.640818540646,4280.2002
2025-10-17,4008.2172546531515,3968.261277424726,4259.604776139974,4008.2172546531515,4008.2172546531515,105.31526434631263,105.31526434631263,105.31526434631263,-4.847385243107268,-4.847385243107268,-4.847385243107268,110.1626495894199,110.1626495894199,110.1626495894199,0.0,0.0,0.0,4113.532518999464,4189.8999
2025-10-20,4020.283556152013,3958.236809219887,4263.779049462736,4020.283556152013,4020.283556152013,90.33854793770398,90.33854793770398,90.33854793770398,2.8835850624996193,2.8835850624996193,2.8835850624996193,87.45496287520434,87.45496287520434,87.45496287520434,0.0,0.0,0.0,4110.622104089717,4336.3999
2025-10-21,4024.3056566516334,3943.1261696941165,4238.838968247668,4024.3056566516334,4024.3056566516334,79.38038611540676,79.38038611540676,79.38038611540676,2.282026587099255,2.282026587099255,2.282026587099255,77.0983595283075,77.0983595283075,77.0983595283075,0.0,0.0,0.0,4103.68604276704,4087.7000
2025-10-22,4028.327757151254,3962.4348490773527,4263.2944659175655,4028.327757151254,4028.327757151254,81.63155758504725,81.63155758504725,81.63155758504725,15.83375059061169,15.83375059061169,15.83375059061169,65.79780699443555,65.79780699443555,65.79780699443555,0.0,0.0,0.0,4109.959314736301,4044.3999
2025-10-23,4032.3498576953266,3930.4611512106417,4223.026997392364,4032.3498576953266,4032.3498576953266,46.134693942293254,46.134693942293254,46.134693942293254,-7.704551071747494,-7.704551071747494,-7.704551071747494,53.839245014040756,53.839245014040756,53.839245014040756,0.0,0.0,0.0,4078.48455163762,4125.5000
2025-10-24,4036.3719582393996,3920.5015113167374,4226.221024777243,4036.3719582393996,4036.3719582393996,36.66139031671907,36.66139031671907,36.66139031671907,-4.847385243112713,-4.847385243112713,-4.847385243112713,41.50877555983178,41.50877555983178,41.50877555983178,0.0,0.0,0.0,4073.0333485561187,4118.3999
2025-10-27,4048.4382598716184,3899.783833301934,4202.054851594399,4048.4382598716184,4048.4382598716184,7.881515518706029,7.881515518706029,7.881515518706029,2.8835850625131014,2.8835850625131014,2.8835850625131014,4.997930456192928,4.997930456192928,4.997930456192928,0.0,0.0,0.0,4056.3197753903246,4001.8999
2025-10-28,4052.460360415691,3900.470690124825,4185.800985391071,4052.460360415691,4052.460360415691,-3.9213912860472506,-3.9213912860472506,-3.9213912860472506,2.282026587069939,2.282026587069939,2.282026587069939,-6.203417873117189,-6.203417873117189,-6.203417873117189,0.0,0.0,0.0,4048.5389691296436,3966.2000
2025-10-29,4056.482460959764,3913.732251698227,4210.809319261781,4056.482460959764,4056.482460959764,-0.7490820832972217,-0.7490820832972217,-0.7490820832972217,15.83375059071747,15.83375059071747,15.83375059071747,-16.582832674014693,-16.582832674014693,-16.582832674014693,0.0,0.0,0.0,4055.7333788764668,3983.7000
2025-10-30,4060.5045615038366,3878.1039182274576,4168.3964305813115,4060.5045615038366,4060.5045615038366,-33.69145906041047,-33.69145906041047,-33.69145906041047,-7.7045510718299655,-7.7045510718299655,-7.7045510718299655,-25.986907988580505,-25.986907988580505,-25.986907988580505,0.0,0.0,0.0,4026.813102443426,4001.3000
2025-10-31,4064.52666204791,3874.0423610365997,4181.588478312313,4064.52666204791,4064.52666204791,-39.146276376107686,-39.146276376107686,-39.146276376107686,-4.847385243135204,-4.847385243135204,-4.847385243135204,-34.29889113297248,-34.29889113297248,-34.29889113297248,0.0,0.0,0.0,4025.3803856718023,3982.2000
2025-11-03,4076.5929636801284,3874.7285021392972,4159.461418956371,4076.5929636801284,4076.5929636801284,-49.199134669858815,-49.199134669858815,-49.199134669858815,2.883585062440053,2.883585062440053,2.883585062440053,-52.08271973229887,-52.08271973229887,-52.08271973229887,0.0,0.0,0.0,4027.3938290102697,4000.3000
2025-11-04,4080.6150643427186,3878.1681604572273,4176.49458440534,4080.6150643427186,4080.6150643427186,-53.329185565277136,-53.329185565277136,-53.329185565277136,2.2820265870502636,2.2820265870502636,2.2820265870502636,-55.6112121523274,-55.6112121523274,-55.6112121523274,0.0,0.0,0.0,4027.2858787774417,3947.7000
2025-11-05,4084.6371650053084,3894.8606040858936,4179.583649061267,4084.6371650053084,4084.6371650053084,-42.183161917473434,-42.183161917473434,-42.183161917473434,15.833750590657125,15.833750590657125,15.833750590657125,-58.01691250813056,-58.01691250813056,-58.01691250813056,0.0,0.0,0.0,4042.4540030878347,3980.3000
2025-11-06,4088.6592656678986,3879.301206903835,4172.8791366759115,4088.6592656678986,4088.6592656678986,-67.09401528186702,-67.09401528186702,-67.09401528186702,-7.7045510718013235,-7.7045510718013235,-7.7045510718013235,-59.389464210065704,-59.389464210065704,-59.389464210065704,0.0,0.0,0.0,4021.5652503860315,3979.8999
2025-11-07,4092.681366330489,3878.7273168359748,4169.275872740356,4092.681366330489,4092.681366330489,-64.68850115181037,-64.68850115181037,-64.68850115181037,-4.847385243140647,-4.847385243140647,-4.847385243140647,-59.841115908669714,-59.841115908669714,-59.841115908669714,0.0,0.0,0.0,4027.9928651786786,3999.3999
2025-11-10,4104.7476683182595,3907.8201938027464,4195.278282861631,4104.7476683182595,4104.7476683182595,-54.13355350889949,-54.13355350889949,-54.13355350889949,2.8835850625400643,2.8835850625400643,2.8835850625400643,-57.01713857143955,-57.01713857143955,-57.01713857143955,0.0,0.0,0.0,4050.6141148093598,4111.7998
2025-11-11,4108.769768980849,3913.4047953255167,4207.560792170606,4108.769768980849,4108.769768980849,-52.88353079709533,-52.88353079709533,-52.88353079709533,2.2820265871247094,2.2820265871247094,2.2820265871247094,-55.16555738422005,-55.16555738422005,-55.16555738422005,0.0,0.0,0.0,4055.886238183754,4106.7998
2025-11-12,4112.791869643439,3933.326908684937,4221.0666945051125,4112.791869643439,4112.791869643439,-37.263018558752066,-37.263018558752066,-37.263018558752066,15.833750590741934,15.833750590741934,15.833750590741934,-53.096769149494,-53.096769149494,-53.096769149494,0.0,0.0,0.0,4075.5288510846867,4204.3999
2025-11-13,4116.813970306029,3905.620818527206,4199.120715717879,4116.813970306029,4116.813970306029,-58.64447365835043,-58.64447365835043,-58.64447365835043,-7.704551071749661,-7.704551071749661,-7.704551071749661,-50.939922586600765,-50.939922586600765,-50.939922586600765,0.0,0.0,0.0,4058.1694966476784,4186.8999
2025-11-14,4120.836070961099,3923.610686657586,4211.9237754922,4120.836070961099,4120.836070961099,-53.65568885405405,-53.65568885405405,-53.65568885405405,-4.8473852431631395,-4.8473852431631395,-4.8473852431631395,-48.80830361089092,-48.80830361089092,-48.80830361089092,0.0,0.0,0.0,4067.180382107045,4087.6001
2025-11-17,4132.902372926309,3947.4609880351304,4239.750208324671,4132.902372926309,4132.902372926309,-40.49957422640999,-40.49957422640999,-40.49957422640999,2.883585062467015,2.883585062467015,2.883585062467015,-43.383159288877,-43.383159288877,-43.383159288877,0.0,0.0,0.0,4092.402798699899,4068.3000
2025-11-18,4136.924473581379,3948.053508646851,4250.589732236014,4136.924473581379,4136.924473581379,-39.766867638484996,-39.766867638484996,-39.766867638484996,2.282026587105034,2.282026587105034,2.282026587105034,-42.04889422559003,-42.04889422559003,-42.04889422559003,0.0,0.0,0.0,4097.157605942894,4061.3000
2025-11-19,4140.946574236449,3959.3098401120114,4259.763603219278,4140.946574236449,4140.946574236449,-25.128539682793612,-25.128539682793612,-25.128539682793612,15.833750590681586,15.833750590681586,15.833750590681586,-40.96229027347519,-40.96229027347519,-40.96229027347519,0.0,0.0,0.0,4115.818034553656,4077.7000
2025-11-20,4144.968674891519,3941.9320139086058,4229.886316322669,4144.968674891519,4144.968674891519,-47.795915315431365,-47.795915315431365,-47.795915315431365,-7.704551071776577,-7.704551071776577,-7.704551071776577,-40.09136424365479,-40.09136424365479,-40.09136424365479,0.0,0.0,0.0,4097.172759576088,4056.5000
2025-11-21,4148.990775546589,3944.5047527120505,4257.527505919155,4148.990775546589,4148.990775546589,-44.228212291031234,-44.228212291031234,-44.228212291031234,-4.847385243151534,-4.847385243151534,-4.847385243151534,-39.380827047879706,-39.380827047879706,-39.380827047879706,0.0,0.0,0.0,4104.762563255558,4076.7000
2025-11-24,4161.057077511799,3985.2004509873764,4272.912307070963,4161.057077511799,4161.057077511799,-34.49101642076353,-34.49101642076353,-34.49101642076353,2.883585062514734,2.883585062514734,2.883585062514734,-37.37460148327826,-37.37460148327826,-37.37460148327826,0.0,0.0,0.0,4126.566061091036,4091.8999
2025-11-25,4165.0791781668695,3992.9730573912593,4272.937262063796,4165.0791781668695,4165.0791781668695,-34.12059210482187,-34.12059210482187,-34.12059210482187,2.2820265871794763,2.2820265871794763,2.2820265871794763,-36.40261869200134,-36.40261869200134,-36.40261869200134,0.0,0.0,0.0,4130.958586062047,4139.2002
2025-11-26,4169.10127877681,4003.8416889267646,4303.845094429805,4169.10127877681,4169.10127877681,-19.256522351091707,-19.256522351091707,-19.256522351091707,15.833750590704303,15.833750590704303,15.833750590704303,-35.09027294179601,-35.09027294179601,-35.09027294179601,0.0,0.0,0.0,4149.8447564257185,4165.2002
2025-11-28,4177.145479996691,3998.169201714377,4290.465287878237,4177.145479996691,4177.145479996691,-35.851974790112685,-35.851974790112685,-35.851974790112685,-4.8473852431740285,-4.8473852431740285,-4.8473852431740285,-31.004589546938647,-31.004589546938647,-31.004589546938647,0.0,0.0,0.0,4141.293505206579,4218.2998
2025-12-01,4189.211781826514,4024.25105186273,4316.303158219641,4189.211781826514,4189.211781826514,-17.009498488208393,-17.009498488208393,-17.009498488208393,2.8835850625282147,2.8835850625282147,2.8835850625282147,-19.89308355073661,-19.89308355073661,-19.89308355073661,0.0,0.0,0.0,4172.202283338306,4239.2998
2025-12-02,4193.233882436454,4013.488103062447,4323.898393197975,4193.233882436454,4193.233882436454,-12.358835549266514,-12.358835549266514,-12.358835549266514,2.2820265870656837,2.2820265870656837,2.2820265870656837,-14.640862136332197,-14.640862136332197,-14.640862136332197,0.0,0.0,0.0,4180.875046887188,4186.6001
2025-12-03,4197.255983046395,4061.682400001037,4354.483188082892,4197.255983046395,4197.255983046395,7.238196410939326,7.238196410939326,7.238196410939326,15.83375059072702,15.83375059072702,15.83375059072702,-8.595554179787694,-8.595554179787694,-8.595554179787694,0.0,0.0,0.0,4204.494179457334,4199.2998
2025-12-04,4201.278083656336,4045.708697402735,4344.247827376089,4201.278083656336,4201.278083656336,-9.492991473629594,-9.492991473629594,-9.492991473629594,-7.704551071774845,-7.704551071774845,-7.704551071774845,-1.7884404018547484,-1.7884404018547484,-1.7884404018547484,0.0,0.0,0.0,4191.785092182707,4211.7998
2025-12-05,4205.300184266276,4060.34166256512,4334.331104267365,4205.300184266276,4205.300184266276,0.8724285005683873,0.8724285005683873,0.8724285005683873,-4.847385243128118,-4.847385243128118,-4.847385243128118,5.7198137436965055,5.7198137436965055,5.7198137436965055,0.0,0.0,0.0,4206.172612766844,4212.8999
2025-12-08,4217.366486096098,4098.3429508115,4407.1084190760075,4217.366486096098,4217.366486096098,34.310969258873236,34.310969258873236,34.310969258873236,2.8835850625416954,2.8835850625416954,2.8835850625416954,31.42738419633154,31.42738419633154,31.42738419633154,0.0,0.0,0.0,4251.677455354971,4187.2002
2025-12-09,4221.388586715122,4115.104282421562,4413.278032202125,4221.388586715122,4221.388586715122,42.87685047769084,42.87685047769084,42.87685047769084,2.2820265870363694,2.2820265870363694,2.2820265870363694,40.594823890654474,40.594823890654474,40.594823890654474,0.0,0.0,0.0,4264.265437192813,4206.7002
2025-12-10,4225.410687334145,4134.833176771627,4456.86872062325,4225.410687334145,4225.410687334145,65.61662544783789,65.61662544783789,65.61662544783789,15.833750590728762,15.833750590728762,15.833750590728762,49.78287485710913,49.78287485710913,49.78287485710913,0.0,0.0,0.0,4291.027312781983,4196.3999
2025-12-11,4229.432787953168,4118.61604110151,4429.543906986204,4229.432787953168,4229.432787953168,51.10205550378908,51.10205550378908,51.10205550378908,-7.704551071746203,-7.704551071746203,-7.704551071746203,58.80660657553529,58.80660657553529,58.80660657553529,0.0,0.0,0.0,4280.534843456958,4285.5000
2025-12-12,4233.4548885721915,4135.6978773126475,4438.974306554546,4233.4548885721915,4233.4548885721915,62.63004556447178,62.63004556447178,62.63004556447178,-4.847385243133561,-4.847385243133561,-4.847385243133561,67.47743080760534,67.47743080760534,67.47743080760534,0.0,0.0,0.0,4296.084934136663,4300.1001
2025-12-15,4245.521190429261,4192.9253549204295,4485.4046629464965,4245.521190429261,4245.521190429261,92.4518545016747,92.4518545016747,92.4518545016747,2.8835850624686477,2.8835850624686477,2.8835850624686477,89.56826943920605,89.56826943920605,89.56826943920605,0.0,0.0,0.0,4337.973044930935,4306.7002
2025-12-16,4249.543291048285,4202.560859454618,4497.948023057842,4249.543291048285,4249.543291048285,97.37854476264211,97.37854476264211,97.37854476264211,2.2820265870166936,2.2820265870166936,2.2820265870166936,95.0965181756254,95.0965181756254,95.0965181756254,0.0,0.0,0.0,4346.921835810927,4304.5000
2025-12-17,4253.565391667307,4218.591345210557,4522.462437252568,4253.565391667307,4253.565391667307,115.33532967769541,115.33532967769541,115.33532967769541,15.833750590668416,15.833750590668416,15.833750590668416,99.501579087027,99.501579087027,99.501579087027,0.0,0.0,0.0,4368.900721345002,4347.5000
2025-12-18,4257.587492286331,4204.39443089984,4511.860137855014,4257.587492286331,4257.587492286331,95.00250391240705,95.00250391240705,95.00250391240705,-7.704551071773118,-7.704551071773118,-7.704551071773118,102.70705498418016,102.70705498418016,102.70705498418016,0.0,0.0,0.0,4352.589996198738,4339.5000
2025-12-19,4261.6095929053545,4221.116506725794,4508.525250111559,4261.6095929053545,4261.6095929053545,99.8268585754764,99.8268585754764,99.8268585754764,-4.847385243139002,-4.847385243139002,-4.847385243139002,104.6742438186154,104.6742438186154,104.6742438186154,0.0,0.0,0.0,4361.436451480831,4361.3999
2025-12-22,4273.675894806371,4225.472980841008,4521.603599243101,4273.675894806371,4273.675894806371,106.26848758448472,106.26848758448472,106.26848758448472,2.8835850623955976,2.8835850623955976,2.8835850623955976,103.38490252208912,103.38490252208912,103.38490252208912,0.0,0.0,0.0,4379.944382390855,4444.6001
2025-12-23,4277.697995440043,4226.2515406022185,4525.414784391323,4277.697995440043,4277.697995440043,103.13707187548052,103.13707187548052,103.13707187548052,2.282026587091138,2.282026587091138,2.282026587091138,100.85504528838936,100.85504528838936,100.85504528838936,0.0,0.0,0.0,4380.835067315524,4482.7998
2025-12-24,4281.720096073715,4244.453757351984,4551.579065253764,4281.720096073715,4281.720096073715,113.36414780363552,113.36414780363552,113.36414780363552,15.833750590774194,15.833750590774194,15.833750590774194,97.53039721286132,97.53039721286132,97.53039721286132,0.0,0.0,0.0,4395.08424387735,4480.6001
2025-12-26,4289.764297341059,4213.372729261126,4518.209959156294,4289.764297341059,4289.764297341059,84.5323470014735,84.5323470014735,84.5323470014735,-4.847385243093094,-4.847385243093094,-4.847385243093094,89.37973224456658,89.37973224456658,89.37973224456658,0.0,0.0,0.0,4374.296644342533,4529.1001
2025-12-29,4301.830599242076,4241.539923496193,4542.987286869432,4301.830599242076,4301.830599242076,80.3524532560201,80.3524532560201,80.3524532560201,2.8835850624090793,2.8835850624090793,2.8835850624090793,77.46886819361102,77.46886819361102,77.46886819361102,0.0,0.0,0.0,4382.183052498096,4325.1001
2025-12-30,4305.852699875747,4244.074626725791,4526.820239966561,4305.852699875747,4305.852699875747,77.07457468571646,77.07457468571646,77.07457468571646,2.2820265870714618,2.2820265870714618,2.2820265870714618,74.79254809864499,74.79254809864499,74.79254809864499,0.0,0.0,0.0,4382.9272745614635,4370.1001
2025-12-31,4309.874800509419,4254.979875360498,4548.0379576325295,4309.874800509419,4309.874800509419,89.11559539443856,89.11559539443856,89.11559539443856,15.83375059071385,15.83375059071385,15.83375059071385,73.28184480372471,73.28184480372471,73.28184480372471,0.0,0.0,0.0,4398.990395903858,4325.6001
2026-01-02,4317.919001776763,4229.775474398081,4526.535666725802,4317.919001776763,4317.919001776763,70.07866995106743,70.07866995106743,70.07866995106743,-4.847385243098537,-4.847385243098537,-4.847385243098537,74.92605519416597,74.92605519416597,74.92605519416597,0.0,0.0,0.0,4387.9976717278305,4314.3999
2026-01-05,4329.985303699339,4268.116294632072,4581.856670885681,4329.985303699339,4329.985303699339,95.57912175689715,95.57912175689715,95.57912175689715,2.8835850626298574,2.8835850626298574,2.8835850626298574,92.69553669426729,92.69553669426729,92.69553669426729,0.0,0.0,0.0,4425.564425456236,4436.8999
2026-01-06,4334.007404340198,4286.7845126457405,4596.406838839895,4334.007404340198,4334.007404340198,105.66612088114883,105.66612088114883,105.66612088114883,2.2820265870421492,2.2820265870421492,2.2820265870421492,103.38409429410669,103.38409429410669,103.38409429410669,0.0,0.0,0.0,4439.6735252213475,4482.2002
2026-01-07,4338.029504981057,4312.575390165455,4615.324198280271,4338.029504981057,4338.029504981057,132.4252112465805,132.4252112465805,132.4252112465805,15.833750590736566,15.833750590736566,15.833750590736566,116.59146065584392,116.59146065584392,116.59146065584392,0.0,0.0,0.0,4470.454716227637,4449.2998
2026-01-08,4342.051605621916,4305.713390730996,4620.852337693671,4342.051605621916,4342.051605621916,124.60705111099438,124.60705111099438,124.60705111099438,-7.704551071719726,-7.704551071719726,-7.704551071719726,132.3116021827141,132.3116021827141,132.3116021827141,0.0,0.0,0.0,4466.6586567329105,4449.7002
2026-01-09,4346.073706262775,4339.39055007228,4640.960329032818,4346.073706262775,4346.073706262775,145.6292994870775,145.6292994870775,145.6292994870775,-4.84738524312103,-4.84738524312103,-4.84738524312103,150.47668473019854,150.47668473019854,150.47668473019854,0.0,0.0,0.0,4491.703005749852,4490.2998
2026-01-12,4358.140008185351,4425.228914808396,4719.047486430052,4358.140008185351,4358.140008185351,220.927613747852,220.927613747852,220.927613747852,2.8835850625568074,2.8835850625568074,2.8835850625568074,218.04402868529522,218.04402868529522,218.04402868529522,0.0,0.0,0.0,4579.067621933203,4604.2998
2026-01-13,4362.16210882621,4464.925195306774,4751.664515687218,4362.16210882621,4362.16210882621,246.385435187565,246.385435187565,246.385435187565,2.2820265870224743,2.2820265870224743,2.2820265870224743,244.10340860054254,244.10340860054254,244.10340860054254,0.0,0.0,0.0,4608.547544013775,4589.2002
2026-01-14,4366.184209467068,4503.51817554548,4809.732375253712,4366.184209467068,4366.184209467068,287.22777266104436,287.22777266104436,287.22777266104436,15.83375059067622,15.83375059067622,15.83375059067622,271.3940220703682,271.3940220703682,271.3940220703682,0.0,0.0,0.0,4653.411982128113,4626.2998
2026-01-15,4370.206310006224,4519.922377910263,4812.088296746597,4370.206310006224,4370.206310006224,291.82719208167146,291.82719208167146,291.82719208167146,-7.7045510718022,-7.7045510718022,-7.7045510718022,299.53174315347366,299.53174315347366,299.53174315347366,0.0,0.0,0.0,4662.033502087896,4616.2998
2026-01-16,4374.228410545379,4546.67506430089,4842.498929485036,4374.228410545379,4374.228410545379,323.2559444251716,323.2559444251716,323.2559444251716,-4.8473852431094215,-4.8473852431094215,-4.8473852431094215,328.103329668281,328.103329668281,328.103329668281,0.0,0.0,0.0,4697.484354970551,4588.3999
2026-01-20,4390.316812702,4681.528178100508,4972.133536454559,4390.316812702,4390.316812702,440.3057103591224,440.3057103591224,440.3057103591224,2.2820265870969174,2.2820265870969174,2.2820265870969174,438.0236837720255,438.0236837720255,438.0236837720255,0.0,0.0,0.0,4830.622523061123,4759.6001
2026-01-21,4394.338913241155,4727.102062635643,5024.117187458157,4394.338913241155,4394.338913241155,478.11468088538214,478.11468088538214,478.11468088538214,15.833750590698935,15.833750590698935,15.833750590698935,462.2809302946832,462.2809302946832,462.2809302946832,0.0,0.0,0.0,4872.453594126537,4831.7998
2026-01-22,4398.361013780311,4732.3001676509475,5026.662695795746,4398.361013780311,4398.361013780311,476.7721515508958,476.7721515508958,476.7721515508958,-7.704551071694981,-7.704551071694981,-7.704551071694981,484.4767026225908,484.4767026225908,484.4767026225908,0.0,0.0,0.0,4875.133165331206,4908.7998
2026-01-23,4402.383114319466,4754.139540254267,5042.556525602123,4402.383114319466,4402.383114319466,499.4470092498263,499.4470092498263,499.4470092498263,-4.847385243131916,-4.847385243131916,-4.847385243131916,504.2943944929582,504.2943944929582,504.2943944929582,0.0,0.0,0.0,4901.830123569292,4976.2002
2026-01-26,4414.449415936931,4811.722627161168,5116.867114304368,4414.449415936931,4414.449415936931,550.0584687869386,550.0584687869386,550.0584687869386,2.8835850624972403,2.8835850624972403,2.8835850624972403,547.1748837244414,547.1748837244414,547.1748837244414,0.0,0.0,0.0,4964.507884723869,5079.7002
2026-01-27,4418.471516476086,4825.7396942493,5124.823082343575,4418.471516476086,4418.471516476086,557.7900399258876,557.7900399258876,557.7900399258876,2.2820265869831244,2.2820265869831244,2.2820265869831244,555.5080133389046,555.5080133389046,555.5080133389046,0.0,0.0,0.0,4976.261556401974,5079.8999
2026-01-28,4422.4936169621105,4848.972105907012,5142.083320174464,4422.4936169621105,4422.4936169621105,576.6567996519899,576.6567996519899,576.6567996519899,15.833750590700681,15.833750590700681,15.833750590700681,560.8230490612892,560.8230490612892,560.8230490612892,0.0,0.0,0.0,4999.1504166141,5301.6001
2026-01-29,4426.515717448135,4831.099341927938,5131.316382276245,4426.515717448135,4426.515717448135,555.5040237461972,555.5040237461972,555.5040237461972,-7.704551071777455,-7.704551071777455,-7.704551071777455,563.2085748179746,563.2085748179746,563.2085748179746,0.0,0.0,0.0,4982.019741194332,5318.3999
2026-01-30,4430.537817934159,4840.6290502589845,5134.189806014156,4430.537817934159,4430.537817934159,557.9784283697359,557.9784283697359,557.9784283697359,-4.847385243154408,-4.847385243154408,-4.847385243154408,562.8258136128902,562.8258136128902,562.8258136128902,0.0,0.0,0.0,4988.516246303894,4713.8999
2026-02-02,4442.60411939223,4836.998110819908,5140.337094253971,4442.60411939223,4442.60411939223,550.5598196598283,550.5598196598283,550.5598196598283,2.8835850624584287,2.8835850624584287,2.8835850624584287,547.67623459737,547.67623459737,547.67623459737,0.0,0.0,0.0,4993.163939052059,4622.5000
2026-02-03,4446.626219878255,4837.2381784020545,5129.335571690333,4446.626219878255,4446.626219878255,541.394425229797,541.394425229797,541.394425229797,2.282026587057568,2.282026587057568,2.282026587057568,539.1123986427394,539.1123986427394,539.1123986427394,0.0,0.0,0.0,4988.020645108052,4903.7002
2026-02-04,4450.648320364278,4844.325084795642,5141.523017139544,4450.648320364278,4450.648320364278,545.3118591118018,545.3118591118018,545.3118591118018,15.833750590723398,15.833750590723398,15.833750590723398,529.4781085210784,529.4781085210784,529.4781085210784,0.0,0.0,0.0,4995.96017947608,4920.3999
2026-02-05,4454.670420850302,4814.557167365894,5108.283595516156,4454.670420850302,4454.670420850302,511.523837259788,511.523837259788,511.523837259788,-7.704551071748809,-7.704551071748809,-7.704551071748809,519.2283883315368,519.2283883315368,519.2283883315368,0.0,0.0,0.0,4966.19425811009,4861.3999
2026-02-06,4458.692521336326,4819.780666895308,5106.425052120551,4458.692521336326,4458.692521336326,503.98251055884595,503.98251055884595,503.98251055884595,-4.8473852431598505,-4.8473852431598505,-4.8473852431598505,508.82989580200575,508.82989580200575,508.82989580200575,0.0,0.0,0.0,4962.675031895172,4951.2002
2026-02-09,4470.758822690939,4804.437489113955,5109.769829308167,4470.758822690939,4470.758822690939,484.1929297205567,484.1929297205567,484.1929297205567,2.8835850625584394,2.8835850625584394,2.8835850625584394,481.30934465799834,481.30934465799834,481.30934465799834,0.0,0.0,0.0,4954.951752411496,5050.8999
2026-02-10,4474.780923142477,4811.698903025633,5106.765600972112,4474.780923142477,4474.780923142477,477.0417358256691,477.0417358256691,477.0417358256691,2.2820265871320102,2.2820265871320102,2.2820265871320102,474.759709238537,474.759709238537,474.759709238537,0.0,0.0,0.0,4951.822658968146,5003.7998
2026-02-11,4478.803023594015,4803.9120270227895,5108.176563868044,4478.803023594015,4478.803023594015,485.9505086554114,485.9505086554114,485.9505086554114,15.833750590663051,15.833750590663051,15.833750590663051,470.1167580647483,470.1167580647483,470.1167580647483,0.0,0.0,0.0,4964.753532249427,5071.6001
2026-02-12,4482.825124045553,4797.015128238491,5099.489903900881,4482.825124045553,4482.825124045553,459.946885370655,459.946885370655,459.946885370655,-7.7045510717757235,-7.7045510717757235,-7.7045510717757235,467.65143644243074,467.65143644243074,467.65143644243074,0.0,0.0,0.0,4942.772009416208,4923.7002
2026-02-13,4486.847224497091,4794.936733361691,5099.315323342727,4486.847224497091,4486.847224497091,462.71718367622896,462.71718367622896,462.71718367622896,-4.84738524313099,-4.84738524313099,-4.84738524313099,467.56456891935994,467.56456891935994,467.56456891935994,0.0,0.0,0.0,4949.56440817332,5022.0000
2026-02-17,4502.935626303242,4857.432075945404,5144.304092396636,4502.935626303242,4502.935626303242,494.51603754726943,494.51603754726943,494.51603754726943,2.2820265871123344,2.2820265871123344,2.2820265871123344,492.23401096015715,492.23401096015715,492.23401096015715,0.0,0.0,0.0,4997.451663850512,4882.8999
2026-02-18,4506.957726754779,4889.907263064239,5165.5141549461105,4506.957726754779,4506.957726754779,520.0631492071719,520.0631492071719,520.0631492071719,15.833750590768831,15.833750590768831,15.833750590768831,504.2293986164031,504.2293986164031,504.2293986164031,0.0,0.0,0.0,5027.020875961951,4986.5000
2026-02-19,4510.979827206317,4880.276519215506,5165.802458176999,4510.979827206317,4510.979827206317,510.3907361073265,510.3907361073265,510.3907361073265,-7.70455107180264,-7.70455107180264,-7.70455107180264,518.0952871791292,518.0952871791292,518.0952871791292,0.0,0.0,0.0,5021.370563313643,4975.8999
2026-02-20,4515.001927657856,4907.487579429729,5197.047253458367,4515.001927657856,4515.001927657856,528.6200258849667,528.6200258849667,528.6200258849667,-4.847385243119383,-4.847385243119383,-4.847385243119383,533.467411128086,533.467411128086,533.467411128086,0.0,0.0,0.0,5043.621953542823,5059.2998
2026-02-23,4527.068229012469,4965.554626048706,5264.969599994978,4527.068229012469,4527.068229012469,586.950023880102,586.950023880102,586.950023880102,2.8835850624988733,2.8835850624988733,2.8835850624988733,584.0664388176031,584.0664388176031,584.0664388176031,0.0,0.0,0.0,5114.018252892571,5204.7002
2026-02-24,4531.090329464007,4986.637256954071,5282.345321068383,4531.090329464007,4531.090329464007,602.9647643777969,602.9647643777969,602.9647643777969,2.282026587177139,2.282026587177139,2.282026587177139,600.6827377906197,600.6827377906197,600.6827377906197,0.0,0.0,0.0,5134.055093841804,5155.7998
2026-02-25,4535.112429915544,5018.879582599549,5306.102607318517,4535.112429915544,4535.112429915544,632.0679205865152,632.0679205865152,632.0679205865152,15.83375059068751,15.83375059068751,15.83375059068751,616.2341699958278,616.2341699958278,616.2341699958278,0.0,0.0,0.0,5167.18035050206,5206.3999
2026-02-26,4539.134530367081,5021.950784759608,5299.0749267721285,4539.134530367081,4539.134530367081,622.4414139589127,622.4414139589127,622.4414139589127,-7.7045510718295525,-7.7045510718295525,-7.7045510718295525,630.1459650307422,630.1459650307422,630.1459650307422,0.0,0.0,0.0,5161.575944325994,5176.5000
2026-02-27,4543.15663081862,5036.788070839166,5329.384960508253,4543.15663081862,4543.15663081862,637.0094279945172,637.0094279945172,637.0094279945172,-4.847385243141878,-4.847385243141878,-4.847385243141878,641.856813237659,641.856813237659,641.856813237659,0.0,0.0,0.0,5180.166058813137,5230.5000
2026-03-02,4555.222932173233,5083.8487473984505,5365.102760619942,4555.222932173233,4555.222932173233,661.5617579589853,661.5617579589853,661.5617579589853,2.883585062512354,2.883585062512354,2.883585062512354,658.6781728964729,658.6781728964729,658.6781728964729,0.0,0.0,0.0,5216.784690132218,5294.3999
2026-03-03,4559.245032624771,5067.6689914299395,5360.543130659993,4559.245032624771,4559.245032624771,659.0259799904077,659.0259799904077,659.0259799904077,2.282026587063346,2.282026587063346,2.282026587063346,656.7439534033443,656.7439534033443,656.7439534033443,0.0,0.0,0.0,5218.271012615179,5107.3999
2026-03-04,4563.267133076309,5083.419011236424,5381.81290574858,4563.267133076309,4563.267133076309,666.3280636486807,666.3280636486807,666.3280636486807,15.83375059079329,15.83375059079329,15.83375059079329,650.4943130578873,650.4943130578873,650.4943130578873,0.0,0.0,0.0,5229.595196724989,5120.2002
2026-03-05,4567.289233527847,5063.510655985002,5346.610627343846,4567.289233527847,4567.289233527847,632.0229577631226,632.0229577631226,632.0229577631226,-7.7045510718009105,-7.7045510718009105,-7.7045510718009105,639.7275088349235,639.7275088349235,639.7275088349235,0.0,0.0,0.0,5199.312191290969,5065.2998
2026-03-06,4571.3113339793845,5044.345837313844,5351.197825875206,4571.3113339793845,4571.3113339793845,619.487962562119,619.487962562119,619.487962562119,-4.847385243147322,-4.847385243147322,-4.847385243147322,624.3353478052663,624.3353478052663,624.3353478052663,0.0,0.0,0.0,5190.799296541503,5146.1001
2026-03-09,4583.377635333998,4983.745368250673,5276.990481396314,4583.377635333998,4583.377635333998,553.684973709962,553.684973709962,553.684973709962,2.883585062525834,2.883585062525834,2.883585062525834,550.8013886474362,550.8013886474362,550.8013886474362,0.0,0.0,0.0,5137.06260904396,5091.5000
2026-03-10,4587.399735785535,4956.689304260909,5245.291051694089,4587.399735785535,4587.399735785535,520.0785597539025,520.0785597539025,520.0785597539025,2.282026587137789,2.282026587137789,2.282026587137789,517.7965331667647,517.7965331667647,517.7965331667647,0.0,0.0,0.0,5107.478295539438,5229.7002
2026-03-11,4591.421836237073,4940.029391835261,5241.8352523213025,4591.421836237073,4591.421836237073,496.9280759296645,496.9280759296645,496.9280759296645,15.833750590732942,15.833750590732942,15.833750590732942,481.0943253389315,481.0943253389315,481.0943253389315,0.0,0.0,0.0,5088.349912166737,5167.3999
2026-03-12,4595.443936688612,4894.743117749777,5173.158761075903,4595.443936688612,4595.443936688612,433.44898770710273,433.44898770710273,433.44898770710273,-7.704551071749249,-7.704551071749249,-7.704551071749249,441.15353877885195,441.15353877885195,441.15353877885195,0.0,0.0,0.0,5028.8929243957145,5115.7998
2026-03-13,4599.466037140149,4855.177105258342,5139.591991379072,4599.466037140149,4599.466037140149,393.6590417112785,393.6590417112785,393.6590417112785,-4.847385243152763,-4.847385243152763,-4.847385243152763,398.5064269544312,398.5064269544312,398.5064269544312,0.0,0.0,0.0,4993.125078851427,5052.5000
2026-03-16,4611.532338494762,4722.669642202607,5027.823361354823,4611.532338494762,4611.532338494762,263.3830003911212,263.3830003911212,263.3830003911212,2.883585062452788,2.883585062452788,2.883585062452788,260.49941532866836,260.49941532866836,260.49941532866836,0.0,0.0,0.0,4874.915338885883,4994.0000
2026-03-17,4615.5544389463,4683.491117239038,4978.203920849505,4615.5544389463,4615.5544389463,215.66782664267672,215.66782664267672,215.66782664267672,2.2820265871181165,2.2820265871181165,2.2820265871181165,213.3858000555586,213.3858000555586,213.3858000555586,0.0,0.0,0.0,4831.222265588977,5001.0000
2026-03-18,4619.576539397837,4654.470302265697,4952.07970075499,4619.576539397837,4619.576539397837,182.71297552908882,182.71297552908882,182.71297552908882,15.833750590672597,15.833750590672597,15.833750590672597,166.8792249384162,166.8792249384162,166.8792249384162,0.0,0.0,0.0,4802.289514926926,4889.8999
2026-03-19,4623.598639849376,4590.518397419113,4888.694002420125,4623.598639849376,4623.598639849376,113.96447635697392,113.96447635697392,113.96447635697392,-7.704551071720603,-7.704551071720603,-7.704551071720603,121.66902742869453,121.66902742869453,121.66902742869453,0.0,0.0,0.0,4737.56311620635,4600.7002
2026-03-20,4627.620740300914,4543.186151257554,4855.492433215583,4627.620740300914,4627.620740300914,73.57001146498237,73.57001146498237,73.57001146498237,-4.847385243158208,-4.847385243158208,-4.847385243158208,78.41739670814057,78.41739670814057,78.41739670814057,0.0,0.0,0.0,4701.1907517658965,4570.3999
2026-03-23,4639.687041655527,4472.524295661077,4749.533992265258,4639.687041655527,4639.687041655527,-30.788339287927588,-30.788339287927588,-30.788339287927588,2.8835850625005044,2.8835850625005044,2.8835850625005044,-33.67192435042809,-33.67192435042809,-33.67192435042809,0.0,0.0,0.0,4608.898702367599,4404.1001
2026-03-24,4643.7091421070645,4430.390890073044,4723.22287833053,4643.7091421070645,4643.7091421070645,-61.21757551082768,-61.21757551082768,-61.21757551082768,2.2820265870888017,2.2820265870888017,2.2820265870888017,-63.49960209791648,-63.49960209791648,-63.49960209791648,0.0,0.0,0.0,4582.491566596237,4399.2998
2026-03-25,4647.731242558602,4430.5974530090325,4728.900762549385,4647.731242558602,4647.731242558602,-73.10127133619312,-73.10127133619312,-73.10127133619312,15.833750590778378,15.833750590778378,15.833750590778378,-88.9350219269715,-88.9350219269715,-88.9350219269715,0.0,0.0,0.0,4574.629971222409,4549.7998
2026-03-26,4651.75334301014,4391.402425797119,4672.7524082820855,4651.75334301014,4651.75334301014,-117.4438837022234,-117.4438837022234,-117.4438837022234,-7.7045510718030785,-7.7045510718030785,-7.7045510718030785,-109.73933263042032,-109.73933263042032,-109.73933263042032,0.0,0.0,0.0,4534.309459307917,4375.5000
2026-03-27,4655.775443461678,4380.328967983869,4670.389843420389,4655.775443461678,4655.775443461678,-130.61857943590908,-130.61857943590908,-130.61857943590908,-4.847385243180701,-4.847385243180701,-4.847385243180701,-125.77119419272837,-125.77119419272837,-125.77119419272837,0.0,0.0,0.0,4525.156864025769,4492.0000
2026-03-30,4667.841744816291,4378.778113970677,4679.7030967960045,4667.841744816291,4667.841744816291,-142.41957819889805,-142.41957819889805,-142.41957819889805,2.883585062427456,2.883585062427456,2.883585062427456,-145.30316326132552,-145.30316326132552,-145.30316326132552,0.0,0.0,0.0,4525.422166617393,4526.0000
2026-03-31,4671.863845267829,4379.558655558884,4679.720990949638,4671.863845267829,4671.863845267829,-140.5143824871779,-140.5143824871779,-140.5143824871779,2.282026587069126,2.282026587069126,2.282026587069126,-142.79640907424704,-142.79640907424704,-142.79640907424704,0.0,0.0,0.0,4531.349462780651,4647.6001
2026-04-01,4675.885945719368,4397.6650106797515,4713.3256412952505,4675.885945719368,4675.885945719368,-120.42129099459272,-120.42129099459272,-120.42129099459272,15.833750590718031,15.833750590718031,15.833750590718031,-136.25504158531075,-136.25504158531075,-136.25504158531075,0.0,0.0,0.0,4555.464654724775,4783.2002
2026-04-02,4679.9080461709045,4385.454509708675,4700.766720610325,4679.9080461709045,4679.9080461709045,-133.78493234683063,-133.78493234683063,-133.78493234683063,-7.704551071774433,-7.704551071774433,-7.704551071774433,-126.0803812750562,-126.0803812750562,-126.0803812750562,0.0,0.0,0.0,4546.123113824074,4651.5000
2026-04-06,4695.996447977056,4488.36659926714,4798.620949224921,4695.996447977056,4695.996447977056,-56.15879693359811,-56.15879693359811,-56.15879693359811,2.883585062527467,2.883585062527467,2.883585062527467,-59.042381996125584,-59.042381996125584,-59.042381996125584,0.0,0.0,0.0,4639.837651043458,4656.7998
2026-04-07,4700.018548428593,4517.183959990582,4811.0182826071605,4700.018548428593,4700.018548428593,-36.22507161654605,-36.22507161654605,-36.22507161654605,2.282026587049451,2.282026587049451,2.282026587049451,-38.507098203595504,-38.507098203595504,-38.507098203595504,0.0,0.0,0.0,4663.793476812047,4657.1001
2026-04-08,4704.040648880132,4551.818278381668,4844.058968954583,4704.040648880132,4704.040648880132,-1.7985077072287194,-1.7985077072287194,-1.7985077072287194,15.833750590719772,15.833750590719772,15.833750590719772,-17.632258297948493,-17.632258297948493,-17.632258297948493,0.0,0.0,0.0,4702.242141172903,4749.5000
2026-04-09,4708.06274933167,4549.637083410288,4856.366371576689,4708.06274933167,4708.06274933167,-4.692593457005485,-4.692593457005485,-4.692593457005485,-7.7045510717457875,-7.7045510717457875,-7.7045510717457875,3.0119576147403033,3.0119576147403033,3.0119576147403033,0.0,0.0,0.0,4703.370155874664,4792.2002
2026-04-10,4712.084849783207,4582.211431134141,4881.153521329317,4712.084849783207,4712.084849783207,18.03773254152488,18.03773254152488,18.03773254152488,-4.847385243140234,-4.847385243140234,-4.847385243140234,22.885117784665113,22.885117784665113,22.885117784665113,0.0,0.0,0.0,4730.122582324731,4761.8999
2026-04-13,4724.15115113782,4660.670759772339,4936.801934709935,4724.15115113782,4724.15115113782,76.04152785036959,76.04152785036959,76.04152785036959,2.8835850624544173,2.8835850624544173,2.8835850624544173,73.15794278791518,73.15794278791518,73.15794278791518,0.0,0.0,0.0,4800.19267898819,4742.3999
2026-04-14,4728.173251589358,4665.041625006841,4973.638957046326,4728.173251589358,4728.173251589358,87.80212708243687,87.80212708243687,87.80212708243687,2.282026587029779,2.282026587029779,2.282026587029779,85.52010049540709,85.52010049540709,85.52010049540709,0.0,0.0,0.0,4815.975378671795,4825.0000
2026-04-15,4732.195352040896,4697.457713345263,4998.24249028223,4732.195352040896,4732.195352040896,111.04980107133946,111.04980107133946,111.04980107133946,15.833750590659426,15.833750590659426,15.833750590659426,95.21605048068002,95.21605048068002,95.21605048068002,0.0,0.0,0.0,4843.245153112235,4800.0000
2026-04-16,4736.217452492434,4673.898893289914,4975.265048348599,4736.217452492434,4736.217452492434,94.37249813319572,94.37249813319572,94.37249813319572,-7.704551071828264,-7.704551071828264,-7.704551071828264,102.07704920502397,102.07704920502397,102.07704920502397,0.0,0.0,0.0,4830.58995062563,4785.3999
2026-04-17,4740.239552943972,4693.721421392776,4987.300139601194,4740.239552943972,4740.239552943972,101.16442993061635,101.16442993061635,101.16442993061635,-4.8473852431286275,-4.8473852431286275,-4.8473852431286275,106.01181517374498,106.01181517374498,106.01181517374498,0.0,0.0,0.0,4841.403982874588,4886.1001
2026-04-18,4744.26165339551,4681.704148216205,4970.858038207247,4744.26165339551,4744.26165339551,81.41208931888657,81.41208931888657,81.41208931888657,-25.59358672334905,-25.59358672334905,-25.59358672334905,107.00567604223563,107.00567604223563,107.00567604223563,0.0,0.0,0.0,4825.673742714396,4829.3050
2026-04-20,4752.305854298585,4710.736591959905,5005.768764254243,4752.305854298585,4752.305854298585,103.36009587007311,103.36009587007311,103.36009587007311,2.8835850625886637,2.8835850625886637,2.8835850625886637,100.47651080748446,100.47651080748446,100.47651080748446,0.0,0.0,0.0,4855.665950168657,4792.7800
2026-04-21,4756.327954750123,4706.95683980627,4990.267723004402,4756.327954750123,4756.327954750123,95.5552647938733,95.5552647938733,95.5552647938733,2.282026587104221,2.282026587104221,2.282026587104221,93.2732382067691,93.2732382067691,93.2732382067691,0.0,0.0,0.0,4851.883219543996,4785.7700
2026-04-22,4760.35005520166,4705.04403804687,4999.981266749082,4760.35004894023,4760.350061202563,99.58843386871007,99.58843386871007,99.58843386871007,15.833750590682142,15.833750590682142,15.833750590682142,83.75468327802793,83.75468327802793,83.75468327802793,0.0,0.0,0.0,4859.93848907037,
2026-04-23,4764.372155653198,4675.49793952386,4981.293018920583,4764.372125397836,4764.372179221421,64.50952678984517,64.50952678984517,64.50952678984517,-7.704551071799619,-7.704551071799619,-7.704551071799619,72.2140778616448,72.2140778616448,72.2140778616448,0.0,0.0,0.0,4828.881682443043,
